"","country","iso2c","iso3c","year","RQ.EST","VA.EST","PV.EST","GE.EST","CC.EST"
"1","Australia","AU","AUS",2010,1.69597673416138,1.41976547241211,0.888859868049622,1.76319003105164,2.02361083030701
"2","Australia","AU","AUS",2011,1.85212278366089,1.45372104644775,0.935710072517395,1.6899231672287,2.03790903091431
"3","Australia","AU","AUS",2012,1.77889716625214,1.49919033050537,0.997997224330902,1.61283433437347,1.97750723361969
"4","Australia","AU","AUS",2013,1.79121994972229,1.43641376495361,1.03107297420502,1.63268768787384,1.77787029743195
"5","Australia","AU","AUS",2014,1.85737347602844,1.36174380779266,1.03219199180603,1.60130333900452,1.84946465492249
"6","Australia","AU","AUS",2015,1.78380656242371,1.35561084747314,0.884979844093323,1.56022334098816,1.87995517253876
"7","Australia","AU","AUS",2016,1.89396524429321,1.35369718074799,1.04795801639557,1.56198215484619,1.81091439723969
"8","Australia","AU","AUS",2017,1.92824327945709,1.37563908100128,0.896060824394226,1.53046941757202,1.79085624217987
"9","Australia","AU","AUS",2018,1.90164244174957,1.38058078289032,0.989603996276855,1.58852088451385,1.8011109828949
"10","Australia","AU","AUS",2019,1.87215864658356,1.26739799976349,0.911745727062225,1.56487631797791,1.8221447467804
"11","Australia","AU","AUS",2020,1.82251787185669,1.30358374118805,0.850844323635101,1.61007499694824,1.66249871253967
"12","Bangladesh","BD","BGD",2010,-0.857593059539795,-0.268090695142746,-1.42578947544098,-0.752631783485413,-1.05408024787903
"13","Bangladesh","BD","BGD",2011,-0.817078590393066,-0.315068930387497,-1.40473687648773,-0.771310925483704,-1.09738862514496
"14","Bangladesh","BD","BGD",2012,-0.95947253704071,-0.401940673589706,-1.37908899784088,-0.80632072687149,-0.85661906003952
"15","Bangladesh","BD","BGD",2013,-0.923936903476715,-0.405386388301849,-1.62785887718201,-0.795478343963623,-0.893825352191925
"16","Bangladesh","BD","BGD",2014,-0.95516049861908,-0.473918706178665,-0.895563185214996,-0.773857712745667,-0.892129957675934
"17","Bangladesh","BD","BGD",2015,-0.908241212368011,-0.512037396430969,-1.2120178937912,-0.726373553276062,-0.814506709575653
"18","Bangladesh","BD","BGD",2016,-0.804246246814728,-0.583839416503906,-1.26193678379059,-0.675904393196106,-0.863241136074066
"19","Bangladesh","BD","BGD",2017,-0.813100755214691,-0.615031361579895,-1.2560807466507,-0.730936646461487,-0.835957050323486
"20","Bangladesh","BD","BGD",2018,-0.842074036598206,-0.747332394123077,-0.99567836523056,-0.739062011241913,-0.902643024921417
"21","Bangladesh","BD","BGD",2019,-0.931169450283051,-0.74178558588028,-0.932975292205811,-0.731802582740784,-0.994909584522247
"22","Bangladesh","BD","BGD",2020,-0.90426778793335,-0.769074320793152,-0.922474503517151,-0.755047261714935,-0.979526102542877
"23","Brazil","BR","BRA",2010,0.246619865298271,0.571348905563354,0.0134759107604623,-0.0942155122756958,0.0438063591718674
"24","Brazil","BR","BRA",2011,0.25802206993103,0.513676166534424,-0.132575422525406,-0.160819366574287,0.168382421135902
"25","Brazil","BR","BRA",2012,0.173244088888168,0.477906197309494,0.0459616407752037,-0.169213905930519,-0.0468542315065861
"26","Brazil","BR","BRA",2013,0.146290123462677,0.417426258325577,-0.258553296327591,-0.126656055450439,-0.0976997464895248
"27","Brazil","BR","BRA",2014,-0.0282199531793594,0.471947550773621,-0.070290133357048,-0.181397631764412,-0.365745902061462
"28","Brazil","BR","BRA",2015,-0.164282530546188,0.458866268396378,-0.33145809173584,-0.232308551669121,-0.433242052793503
"29","Brazil","BR","BRA",2016,-0.179583877325058,0.451864898204803,-0.377205431461334,-0.221285507082939,-0.422299951314926
"30","Brazil","BR","BRA",2017,-0.116344913840294,0.448033064603806,-0.473864614963531,-0.292603075504303,-0.536921918392181
"31","Brazil","BR","BRA",2018,-0.280460000038147,0.366284221410751,-0.440423458814621,-0.498852431774139,-0.458420366048813
"32","Brazil","BR","BRA",2019,-0.109311006963253,0.302300244569778,-0.713788211345673,-0.206858992576599,-0.386171013116837
"33","Brazil","BR","BRA",2020,-0.0972420945763588,0.295445382595062,-0.431489855051041,-0.4376100897789,-0.407126694917679
"34","Bulgaria","BG","BGR",2010,0.680432558059692,0.531482577323914,0.360091060400009,-0.0697367191314697,-0.237023547291756
"35","Bulgaria","BG","BGR",2011,0.552520036697388,0.450080156326294,0.301750302314758,-0.0756210312247276,-0.269264370203018
"36","Bulgaria","BG","BGR",2012,0.574710845947266,0.400915592908859,0.379833996295929,-0.031450092792511,-0.281460791826248
"37","Bulgaria","BG","BGR",2013,0.549109816551209,0.337270796298981,0.170710384845734,-0.0155216613784432,-0.327604949474335
"38","Bulgaria","BG","BGR",2014,0.585273623466492,0.366481721401215,0.0785408988595009,-0.113804370164871,-0.302766591310501
"39","Bulgaria","BG","BGR",2015,0.591456353664398,0.432587623596191,0.0173221882432699,0.0163866877555847,-0.321295171976089
"40","Bulgaria","BG","BGR",2016,0.710182666778564,0.402202278375626,0.0773332640528679,0.120276361703873,-0.236125767230988
"41","Bulgaria","BG","BGR",2017,0.66862416267395,0.429832309484482,0.332049906253815,0.128312349319458,-0.171382769942284
"42","Bulgaria","BG","BGR",2018,0.615697503089905,0.356660842895508,0.456277936697006,0.140734523534775,-0.164292946457863
"43","Bulgaria","BG","BGR",2019,0.543415307998657,0.355631977319717,0.578860998153687,0.20231106877327,-0.157977610826492
"44","Bulgaria","BG","BGR",2020,0.474105209112167,0.261954098939896,0.418060213327408,-0.182731494307518,-0.30007928609848
"45","Canada","CA","CAN",2010,1.69343030452728,1.35265874862671,0.936318218708038,1.77762567996979,2.06187319755554
"46","Canada","CA","CAN",2011,1.68484020233154,1.38014459609985,1.07717573642731,1.77233076095581,1.97113347053528
"47","Canada","CA","CAN",2012,1.70719468593597,1.43750536441803,1.11301624774933,1.75665128231049,1.91890442371368
"48","Canada","CA","CAN",2013,1.72989094257355,1.4534866809845,1.06142175197601,1.78109800815582,1.87934255599976
"49","Canada","CA","CAN",2014,1.83872532844543,1.41238820552826,1.17550384998322,1.75431442260742,1.83242726325989
"50","Canada","CA","CAN",2015,1.71283161640167,1.46714651584625,1.27469778060913,1.75740849971771,1.88442969322205
"51","Canada","CA","CAN",2016,1.73572981357574,1.44514811038971,1.25605857372284,1.77425181865692,1.98477900028229
"52","Canada","CA","CAN",2017,1.88453769683838,1.47772514820099,1.10206270217896,1.84851443767548,1.92010080814362
"53","Canada","CA","CAN",2018,1.70493006706238,1.49013364315033,0.979125916957855,1.7078355550766,1.82379758358002
"54","Canada","CA","CAN",2019,1.71465253829956,1.43186473846436,1.01676774024963,1.7242956161499,1.76385736465454
"55","Canada","CA","CAN",2020,1.60048234462738,1.47540128231049,1.02984178066254,1.63518702983856,1.59498167037964
"56","Denmark","DK","DNK",2010,1.87385439872742,1.54195690155029,1.04096102714539,2.0998740196228,2.35235905647278
"57","Denmark","DK","DNK",2011,1.89863109588623,1.55170702934265,1.10029304027557,2.10086107254028,2.39288401603699
"58","Denmark","DK","DNK",2012,1.79916131496429,1.67411422729492,0.914910674095154,1.98666501045227,2.3824622631073
"59","Denmark","DK","DNK",2013,1.80028736591339,1.66627061367035,0.959233462810516,1.94354319572449,2.39926409721375
"60","Denmark","DK","DNK",2014,1.6811044216156,1.52460658550262,0.951779723167419,1.78535032272339,2.25234031677246
"61","Denmark","DK","DNK",2015,1.72973334789276,1.55284702777863,0.897649824619293,1.82099413871765,2.22680330276489
"62","Denmark","DK","DNK",2016,1.57222485542297,1.5414125919342,0.867915451526642,1.85056483745575,2.24552083015442
"63","Denmark","DK","DNK",2017,1.61937355995178,1.51776504516602,0.868414878845215,1.77910506725311,2.23230719566345
"64","Denmark","DK","DNK",2018,1.63512682914734,1.56157970428467,0.94625061750412,1.84376227855682,2.1926851272583
"65","Denmark","DK","DNK",2019,1.56350648403168,1.5451831817627,0.995625197887421,1.90285611152649,2.15806865692139
"66","Denmark","DK","DNK",2020,1.79638803005219,1.51908552646637,0.950011312961578,1.88126754760742,2.26832699775696
"67","Egypt, Arab Rep.","EG","EGY",2010,-0.147598043084145,-1.18803703784943,-0.898418307304382,-0.314766198396683,-0.596871852874756
"68","Egypt, Arab Rep.","EG","EGY",2011,-0.246938586235046,-1.13998341560364,-1.43705701828003,-0.435919046401978,-0.633263945579529
"69","Egypt, Arab Rep.","EG","EGY",2012,-0.385591775178909,-0.765063405036926,-1.43632972240448,-0.681242823600769,-0.579664349555969
"70","Egypt, Arab Rep.","EG","EGY",2013,-0.557433128356934,-1.05155897140503,-1.63883090019226,-0.782649993896484,-0.613801896572113
"71","Egypt, Arab Rep.","EG","EGY",2014,-0.687225043773651,-1.17993485927582,-1.63117659091949,-0.715678930282593,-0.575114548206329
"72","Egypt, Arab Rep.","EG","EGY",2015,-0.775073707103729,-1.18993127346039,-1.49664568901062,-0.658710360527039,-0.578130006790161
"73","Egypt, Arab Rep.","EG","EGY",2016,-0.881517708301544,-1.20455706119537,-1.43769657611847,-0.498412042856216,-0.569078922271729
"74","Egypt, Arab Rep.","EG","EGY",2017,-0.795041739940643,-1.25129985809326,-1.42452728748322,-0.496926844120026,-0.473245531320572
"75","Egypt, Arab Rep.","EG","EGY",2018,-0.789002001285553,-1.32844436168671,-1.18004941940308,-0.418590575456619,-0.492103576660156
"76","Egypt, Arab Rep.","EG","EGY",2019,-0.742943406105042,-1.4444568157196,-1.11419188976288,-0.216252833604813,-0.634925246238709
"77","Egypt, Arab Rep.","EG","EGY",2020,-0.556164801120758,-1.48410129547119,-1.16615056991577,-0.420183449983597,-0.789791584014893
"78","Germany","DE","DEU",2010,1.57068610191345,1.29778325557709,0.796834468841553,1.51548874378204,1.76642882823944
"79","Germany","DE","DEU",2011,1.54886770248413,1.34921073913574,0.842218458652496,1.49992346763611,1.74194991588593
"80","Germany","DE","DEU",2012,1.52908289432526,1.39373803138733,0.775621294975281,1.53066420555115,1.81763017177582
"81","Germany","DE","DEU",2013,1.54434037208557,1.40618407726288,0.92798388004303,1.51082193851471,1.79794359207153
"82","Germany","DE","DEU",2014,1.69703912734985,1.43635880947113,0.925186455249786,1.66535496711731,1.8124965429306
"83","Germany","DE","DEU",2015,1.71824443340302,1.42201721668243,0.699824273586273,1.68278539180756,1.81432867050171
"84","Germany","DE","DEU",2016,1.81396985054016,1.36436975002289,0.68136340379715,1.68976020812988,1.82095551490784
"85","Germany","DE","DEU",2017,1.78114926815033,1.43226385116577,0.587721467018127,1.64512419700623,1.83601438999176
"86","Germany","DE","DEU",2018,1.76180326938629,1.43124651908875,0.591275334358215,1.55609440803528,1.93290781974792
"87","Germany","DE","DEU",2019,1.72160816192627,1.35554444789886,0.574308574199677,1.52456390857697,1.90006673336029
"88","Germany","DE","DEU",2020,1.58733665943146,1.37779092788696,0.684574544429779,1.3521968126297,1.85575437545776
"89","Ghana","GH","GHA",2010,0.0535484589636326,0.514764845371246,0.026093240827322,-0.105485796928406,0.0142804691568017
"90","Ghana","GH","GHA",2011,0.0817165300250053,0.484657794237137,0.16711214184761,-0.0929447710514069,-0.0291263181716204
"91","Ghana","GH","GHA",2012,0.0985032916069031,0.431352198123932,0.130694985389709,-0.0925012230873108,-0.126568555831909
"92","Ghana","GH","GHA",2013,0.0618107803165913,0.438854575157166,0.0606060847640038,-0.136944934725761,-0.0965914353728294
"93","Ghana","GH","GHA",2014,-0.0476707369089127,0.4616459608078,-0.106807962059975,-0.311548888683319,-0.194918543100357
"94","Ghana","GH","GHA",2015,-0.0906599014997482,0.488428711891174,-0.0320993326604366,-0.288247644901276,-0.186141490936279
"95","Ghana","GH","GHA",2016,-0.28921765089035,0.583630621433258,-0.130928620696068,-0.22226570546627,-0.155562236905098
"96","Ghana","GH","GHA",2017,-0.172003179788589,0.596758425235748,0.0918345004320145,-0.162351951003075,-0.229119285941124
"97","Ghana","GH","GHA",2018,-0.132535591721535,0.54947692155838,-0.0255167707800865,-0.297320187091827,-0.115018449723721
"98","Ghana","GH","GHA",2019,-0.169835433363914,0.549909234046936,0.134411945939064,-0.265315860509872,-0.0877754911780357
"99","Ghana","GH","GHA",2020,-0.117155604064465,0.554172694683075,0.184312224388123,-0.165586546063423,-0.105029307305813
"100","India","IN","IND",2010,-0.41047203540802,0.443312972784042,-1.27798449993134,0.0291320476680994,-0.463754564523697
"101","India","IN","IND",2011,-0.363154947757721,0.435818582773209,-1.32679533958435,0.0198367759585381,-0.540835857391357
"102","India","IN","IND",2012,-0.480885624885559,0.399454206228256,-1.28930985927582,-0.159344166517258,-0.513968110084534
"103","India","IN","IND",2013,-0.478094786405563,0.432780146598816,-1.22917413711548,-0.160392627120018,-0.517085731029511
"104","India","IN","IND",2014,-0.47507643699646,0.413313180208206,-0.997911989688873,-0.225482806563377,-0.457155108451843
"105","India","IN","IND",2015,-0.405677318572998,0.427884757518768,-0.948493361473084,0.109133675694466,-0.381759196519852
"106","India","IN","IND",2016,-0.300758510828018,0.440999388694763,-0.953839838504791,0.0909590721130371,-0.313535988330841
"107","India","IN","IND",2017,-0.240820944309235,0.387066394090652,-0.764801919460297,0.0689344704151154,-0.266855359077454
"108","India","IN","IND",2018,-0.212453842163086,0.351978152990341,-0.987013161182404,0.295401304960251,-0.205844283103943
"109","India","IN","IND",2019,-0.137945577502251,0.269035547971725,-0.770800411701202,0.160742476582527,-0.279873192310333
"110","India","IN","IND",2020,-0.114247776567936,0.149902850389481,-0.806701302528381,0.405513286590576,-0.270809292793274
"111","Indonesia","ID","IDN",2010,-0.380860596895218,-0.0377484634518623,-0.853916168212891,-0.267384022474289,-0.803534507751465
"112","Indonesia","ID","IDN",2011,-0.310188621282578,-0.00853101350367069,-0.770114183425903,-0.322761535644531,-0.755870699882507
"113","Indonesia","ID","IDN",2012,-0.221852913498878,0.0676126480102539,-0.593262791633606,-0.331714361906052,-0.689105808734894
"114","Indonesia","ID","IDN",2013,-0.123265877366066,0.0361213013529778,-0.51926463842392,-0.244258090853691,-0.660039663314819
"115","Indonesia","ID","IDN",2014,-0.00835875049233437,0.153921663761139,-0.416824042797089,-0.064909890294075,-0.597599148750305
"116","Indonesia","ID","IDN",2015,-0.141089960932732,0.18487124145031,-0.615060687065125,-0.296328127384186,-0.495113581418991
"117","Indonesia","ID","IDN",2016,-0.0216069296002388,0.167968854308128,-0.372952431440353,-0.0159781314432621,-0.439895629882813
"118","Indonesia","ID","IDN",2017,0.0417420007288456,0.131623446941376,-0.497903406620026,0.014091856777668,-0.280535876750946
"119","Indonesia","ID","IDN",2018,-0.00980748608708382,0.154347538948059,-0.545908093452454,0.176904797554016,-0.276329666376114
"120","Indonesia","ID","IDN",2019,0.0410407409071922,0.132110148668289,-0.493404567241669,0.173593521118164,-0.452071994543076
"121","Indonesia","ID","IDN",2020,0.22881618142128,0.101115196943283,-0.448744028806686,0.350167453289032,-0.432469308376312
"122","Iran, Islamic Rep.","IR","IRN",2010,-1.70923280715942,-1.60616195201874,-1.63059186935425,-0.483971029520035,-0.948633968830109
"123","Iran, Islamic Rep.","IR","IRN",2011,-1.52120280265808,-1.5831161737442,-1.4217677116394,-0.438510596752167,-0.880579233169556
"124","Iran, Islamic Rep.","IR","IRN",2012,-1.4260185956955,-1.60021269321442,-1.32392609119415,-0.527663171291351,-0.797346830368042
"125","Iran, Islamic Rep.","IR","IRN",2013,-1.49050867557526,-1.60837185382843,-1.24968659877777,-0.677003026008606,-0.693658530712128
"126","Iran, Islamic Rep.","IR","IRN",2014,-1.45748889446259,-1.58074295520782,-0.874987661838531,-0.427461057901382,-0.625268459320068
"127","Iran, Islamic Rep.","IR","IRN",2015,-1.31435525417328,-1.5135885477066,-0.92570173740387,-0.209973752498627,-0.610128343105316
"128","Iran, Islamic Rep.","IR","IRN",2016,-1.23414504528046,-1.34296941757202,-0.813075423240662,-0.192301854491234,-0.717735409736633
"129","Iran, Islamic Rep.","IR","IRN",2017,-1.20061385631561,-1.29984736442566,-0.934016048908234,-0.199220180511475,-0.816620290279388
"130","Iran, Islamic Rep.","IR","IRN",2018,-1.37822425365448,-1.33407306671143,-1.3479346036911,-0.433131128549576,-0.963367998600006
"131","Iran, Islamic Rep.","IR","IRN",2019,-1.4258553981781,-1.38690960407257,-1.70692205429077,-0.556162297725677,-1.05230605602264
"132","Iran, Islamic Rep.","IR","IRN",2020,-1.46717286109924,-1.4767347574234,-1.69702434539795,-0.99354088306427,-1.09052395820618
"133","Iraq","IQ","IRQ",2010,-1.02928555011749,-0.991843640804291,-2.23926711082459,-1.10368037223816,-1.3631272315979
"134","Iraq","IQ","IRQ",2011,-1.00996208190918,-1.06950151920319,-1.84698355197906,-1.07396984100342,-1.25806474685669
"135","Iraq","IQ","IRQ",2012,-1.14061653614044,-1.07618057727814,-1.93405020236969,-1.05594384670258,-1.24822700023651
"136","Iraq","IQ","IRQ",2013,-1.12933826446533,-1.05719232559204,-2.01139044761658,-1.04816651344299,-1.3153293132782
"137","Iraq","IQ","IRQ",2014,-1.1338427066803,-1.14425325393677,-2.48033785820007,-1.05616867542267,-1.36334228515625
"138","Iraq","IQ","IRQ",2015,-1.12743592262268,-1.1279354095459,-2.26035189628601,-1.17353999614716,-1.41592681407928
"139","Iraq","IQ","IRQ",2016,-0.979118645191193,-1.01554954051971,-2.31358766555786,-1.20345497131348,-1.44723451137543
"140","Iraq","IQ","IRQ",2017,-1.09011483192444,-1.047243475914,-2.3071026802063,-1.20053422451019,-1.41571772098541
"141","Iraq","IQ","IRQ",2018,-1.04639756679535,-1.00415813922882,-2.52842211723328,-1.24507141113281,-1.44122731685638
"142","Iraq","IQ","IRQ",2019,-1.0797153711319,-0.964400827884674,-2.60378122329712,-1.2862833738327,-1.37422370910645
"143","Iraq","IQ","IRQ",2020,-1.32095611095428,-1.00720608234406,-2.46385145187378,-1.28007757663727,-1.31546902656555
"144","Israel","IL","ISR",2010,1.21482515335083,0.583845376968384,-1.34115171432495,1.38602197170258,0.750026702880859
"145","Israel","IL","ISR",2011,1.31119441986084,0.653309524059296,-1.20131802558899,1.33658075332642,0.797708332538605
"146","Israel","IL","ISR",2012,1.1711333990097,0.644344866275787,-1.07890439033508,1.26950836181641,0.902115404605865
"147","Israel","IL","ISR",2013,1.15938007831573,0.64940619468689,-1.10128474235535,1.24334001541138,0.906050980091095
"148","Israel","IL","ISR",2014,1.21122050285339,0.727600991725922,-1.03973531723022,1.20602762699127,0.860894560813904
"149","Israel","IL","ISR",2015,1.2680686712265,0.744936585426331,-1.09491276741028,1.38379633426666,0.93956995010376
"150","Israel","IL","ISR",2016,1.30929720401764,0.786671698093414,-0.794536352157593,1.33967506885529,1.18132281303406
"151","Israel","IL","ISR",2017,1.2697217464447,0.697237491607666,-0.887956023216248,1.38092422485352,0.822245359420776
"152","Israel","IL","ISR",2018,1.24497127532959,0.621403992176056,-0.91167026758194,1.2012026309967,0.782391667366028
"153","Israel","IL","ISR",2019,1.27937412261963,0.660120010375977,-0.793371558189392,1.31913733482361,0.80241847038269
"154","Israel","IL","ISR",2020,1.24481773376465,0.654493689537048,-0.850372076034546,1.08803522586823,0.562145948410034
"155","Japan","JP","JPN",2010,1.0166825056076,1.04070508480072,0.879353165626526,1.52214586734772,1.55362319946289
"156","Japan","JP","JPN",2011,1.07426130771637,1.07113337516785,0.99509197473526,1.46669709682465,1.55437541007996
"157","Japan","JP","JPN",2012,1.13758063316345,1.10129523277283,0.948442876338959,1.40768194198608,1.61894869804382
"158","Japan","JP","JPN",2013,1.10895478725433,1.10964703559875,1.01914191246033,1.61095058917999,1.64827847480774
"159","Japan","JP","JPN",2014,1.13797330856323,1.03611397743225,0.96859735250473,1.80614173412323,1.69047617912292
"160","Japan","JP","JPN",2015,1.21325039863586,0.988072454929352,1.06512773036957,1.77980673313141,1.56659734249115
"161","Japan","JP","JPN",2016,1.42485523223877,0.983630776405334,0.982944190502167,1.81469810009003,1.51962494850159
"162","Japan","JP","JPN",2017,1.3718478679657,1.00370132923126,1.11216700077057,1.61193716526031,1.51815891265869
"163","Japan","JP","JPN",2018,1.34167551994324,0.984483778476715,1.04907214641571,1.66764533519745,1.42095112800598
"164","Japan","JP","JPN",2019,1.32535481452942,0.931311726570129,1.03184723854065,1.57961368560791,1.463698387146
"165","Japan","JP","JPN",2020,1.35747134685516,0.986826241016388,1.03950893878937,1.5871205329895,1.49305593967438
"166","Kenya","KE","KEN",2010,-0.136400818824768,-0.218933016061783,-1.16552352905273,-0.581671714782715,-0.911055028438568
"167","Kenya","KE","KEN",2011,-0.240827634930611,-0.269520193338394,-1.24479079246521,-0.577180504798889,-0.96374249458313
"168","Kenya","KE","KEN",2012,-0.317458748817444,-0.287803679704666,-1.32344126701355,-0.540049195289612,-1.09887766838074
"169","Kenya","KE","KEN",2013,-0.326215893030167,-0.21225693821907,-1.16693091392517,-0.476614475250244,-1.03594160079956
"170","Kenya","KE","KEN",2014,-0.348395675420761,-0.145544812083244,-1.28224718570709,-0.357425808906555,-0.938904762268066
"171","Kenya","KE","KEN",2015,-0.350200027227402,-0.146352022886276,-1.24440562725067,-0.357313096523285,-1.00605940818787
"172","Kenya","KE","KEN",2016,-0.348113745450974,-0.114290170371532,-1.3547910451889,-0.364104777574539,-0.891530573368073
"173","Kenya","KE","KEN",2017,-0.264081954956055,-0.200867787003517,-1.13192212581635,-0.355771034955978,-0.953847587108612
"174","Kenya","KE","KEN",2018,-0.255157589912415,-0.3813336789608,-1.18409061431885,-0.469660043716431,-0.842824697494507
"175","Kenya","KE","KEN",2019,-0.325461238622665,-0.313488513231277,-1.10175132751465,-0.439814895391464,-0.786738216876984
"176","Kenya","KE","KEN",2020,-0.502013385295868,-0.347236961126328,-1.00235593318939,-0.400212824344635,-0.857505321502686
"177","Korea, Rep.","KR","KOR",2010,0.918371379375458,0.741072177886963,0.325895816087723,1.15488266944885,0.426656723022461
"178","Korea, Rep.","KR","KOR",2011,0.982293248176575,0.726919293403625,0.412495642900467,1.16525173187256,0.483322471380234
"179","Korea, Rep.","KR","KOR",2012,0.865391075611115,0.725595772266388,0.267103314399719,1.08036017417908,0.495882242918015
"180","Korea, Rep.","KR","KOR",2013,0.988611996173859,0.705827534198761,0.278578639030457,1.00880420207977,0.581155180931091
"181","Korea, Rep.","KR","KOR",2014,1.13403701782227,0.68024754524231,0.108568802475929,1.03978645801544,0.512293756008148
"182","Korea, Rep.","KR","KOR",2015,1.10896682739258,0.631029963493347,0.16101410984993,1.0090959072113,0.369409918785095
"183","Korea, Rep.","KR","KOR",2016,1.11088013648987,0.641597270965576,0.163468956947327,1.05913138389587,0.45109549164772
"184","Korea, Rep.","KR","KOR",2017,1.10304725170135,0.757269382476807,0.385621011257172,1.06859254837036,0.476266264915466
"185","Korea, Rep.","KR","KOR",2018,1.10103225708008,0.786813795566559,0.637072741985321,1.17572402954102,0.601387858390808
"186","Korea, Rep.","KR","KOR",2019,1.06810581684113,0.751461744308472,0.551206409931183,1.3697988986969,0.73346209526062
"187","Korea, Rep.","KR","KOR",2020,1.0355920791626,0.815860569477081,0.566344141960144,1.40716409683228,0.724579334259033
"188","Libya","LY","LBY",2010,-1.29825878143311,-1.94041454792023,0.0280884467065334,-1.0851081609726,-1.26290345191956
"189","Libya","LY","LBY",2011,-1.42794060707092,-1.59441232681274,-1.28737926483154,-1.05057597160339,-1.23168122768402
"190","Libya","LY","LBY",2012,-1.62144076824188,-0.900741994380951,-1.5869597196579,-1.2741847038269,-1.3150190114975
"191","Libya","LY","LBY",2013,-1.74517679214478,-0.97160005569458,-1.84407651424408,-1.3228075504303,-1.44046199321747
"192","Libya","LY","LBY",2014,-2.09778738021851,-1.11204063892365,-2.35340714454651,-1.51752257347107,-1.52100121974945
"193","Libya","LY","LBY",2015,-2.21806597709656,-1.33993685245514,-2.19662833213806,-1.45964801311493,-1.56126523017883
"194","Libya","LY","LBY",2016,-2.20100069046021,-1.42839288711548,-2.28332996368408,-1.7214697599411,-1.5637354850769
"195","Libya","LY","LBY",2017,-2.12237405776978,-1.44198369979858,-2.36222577095032,-1.57775521278381,-1.54259932041168
"196","Libya","LY","LBY",2018,-2.1934802532196,-1.5367214679718,-2.44421720504761,-1.66174829006195,-1.51343107223511
"197","Libya","LY","LBY",2019,-2.28220462799072,-1.4771842956543,-2.56807422637939,-1.75157129764557,-1.56031382083893
"198","Libya","LY","LBY",2020,-2.20153212547302,-1.36011254787445,-2.46119570732117,-1.8408727645874,-1.56623435020447
"199","Mauritius","MU","MUS",2010,0.801979422569275,0.789677262306213,0.6402587890625,0.910086333751678,0.482350140810013
"200","Mauritius","MU","MUS",2011,0.767549991607666,0.795731782913208,0.946499407291412,0.886751353740692,0.463920891284943
"201","Mauritius","MU","MUS",2012,0.931618332862854,0.880852997303009,0.971312403678894,1.0467004776001,0.252168297767639
"202","Mauritius","MU","MUS",2013,0.892884910106659,0.928681612014771,0.94480174779892,0.920593023300171,0.252099126577377
"203","Mauritius","MU","MUS",2014,1.19694662094116,0.939650774002075,0.667965948581696,1.15563225746155,0.317963987588882
"204","Mauritius","MU","MUS",2015,1.14608132839203,0.826210618019104,0.998615384101868,1.16092014312744,0.254001796245575
"205","Mauritius","MU","MUS",2016,1.10347759723663,0.818056881427765,1.01318693161011,1.0571494102478,0.136081844568253
"206","Mauritius","MU","MUS",2017,1.05918991565704,0.788669943809509,0.97113037109375,0.998664975166321,0.187208577990532
"207","Mauritius","MU","MUS",2018,1.05122172832489,0.728621065616608,0.868699967861176,0.932905673980713,0.214242041110992
"208","Mauritius","MU","MUS",2019,1.02386045455933,0.754109442234039,0.809275507926941,0.892037570476532,0.241273745894432
"209","Mauritius","MU","MUS",2020,1.19063210487366,0.705323219299316,0.882638096809387,0.884526431560516,0.465649992227554
"210","Mexico","MX","MEX",2010,0.156337782740593,0.178501576185226,-0.726463437080383,0.0992598310112953,-0.439748138189316
"211","Mexico","MX","MEX",2011,0.184377461671829,0.12169187515974,-0.667768597602844,0.257281601428986,-0.474737763404846
"212","Mexico","MX","MEX",2012,0.418743193149567,0.112745344638824,-0.662454187870026,0.300963640213013,-0.484527587890625
"213","Mexico","MX","MEX",2013,0.418155193328857,0.108392298221588,-0.714223802089691,0.30745142698288,-0.591520249843597
"214","Mexico","MX","MEX",2014,0.359438210725784,0.000331484014168382,-0.853918790817261,0.13829705119133,-0.84264999628067
"215","Mexico","MX","MEX",2015,0.290273994207382,-0.0753471404314041,-0.798699080944061,0.151816561818123,-0.867699027061462
"216","Mexico","MX","MEX",2016,0.207757636904716,-0.067501425743103,-0.62906938791275,0.0639017894864082,-0.830518782138824
"217","Mexico","MX","MEX",2017,0.194318756461143,-0.0778172388672829,-0.797446548938751,-0.0319954790174961,-0.932947337627411
"218","Mexico","MX","MEX",2018,0.0957362800836563,-0.0168858394026756,-0.648208022117615,-0.263602465391159,-0.929513454437256
"219","Mexico","MX","MEX",2019,0.0304558966308832,0.00781936477869749,-0.836903512477875,-0.279377490282059,-0.899168848991394
"220","Mexico","MX","MEX",2020,0.00255433539859951,-0.0250303260982037,-0.85638153553009,-0.242663219571114,-0.902077496051788
"221","New Zealand","NZ","NZL",2010,1.81236732006073,1.50750553607941,1.23648881912231,1.81112396717072,2.32940340042114
"222","New Zealand","NZ","NZL",2011,1.96411323547363,1.57907593250275,1.37673103809357,1.87149143218994,2.29086756706238
"223","New Zealand","NZ","NZL",2012,1.84479916095734,1.61772203445435,1.36136555671692,1.79183387756348,2.30788779258728
"224","New Zealand","NZ","NZL",2013,1.81913685798645,1.60607767105103,1.45392656326294,1.75026178359985,2.33409142494202
"225","New Zealand","NZ","NZL",2014,1.94383800029755,1.52441298961639,1.46792757511139,1.92540895938873,2.24964022636414
"226","New Zealand","NZ","NZL",2015,1.91578125953674,1.5548654794693,1.5254533290863,1.87947869300842,2.27400946617126
"227","New Zealand","NZ","NZL",2016,2.03535532951355,1.5332738161087,1.51918339729309,1.83559823036194,2.27895355224609
"228","New Zealand","NZ","NZL",2017,2.08664059638977,1.55865490436554,1.59522306919098,1.76067328453064,2.23704671859741
"229","New Zealand","NZ","NZL",2018,2.0056631565094,1.58951163291931,1.53390526771545,1.66209316253662,2.17081546783447
"230","New Zealand","NZ","NZL",2019,1.87952852249146,1.53523802757263,1.41130232810974,1.66368079185486,2.16713047027588
"231","New Zealand","NZ","NZL",2020,1.88291263580322,1.5954270362854,1.49202156066895,1.58037388324738,2.14821743965149
"232","Nigeria","NG","NGA",2010,-0.74347710609436,-0.777081429958344,-2.21112322807312,-1.16943693161011,-1.05150854587555
"233","Nigeria","NG","NGA",2011,-0.699536263942719,-0.713411033153534,-1.95645451545715,-1.10627055168152,-1.18936145305634
"234","Nigeria","NG","NGA",2012,-0.723069429397583,-0.700219869613647,-2.04207372665405,-1.00281035900116,-1.17593324184418
"235","Nigeria","NG","NGA",2013,-0.681769371032715,-0.693028211593628,-2.08847832679749,-0.999358832836151,-1.22686922550201
"236","Nigeria","NG","NGA",2014,-0.837622761726379,-0.587156057357788,-2.1302764415741,-1.19059991836548,-1.28350389003754
"237","Nigeria","NG","NGA",2015,-0.866751492023468,-0.37261375784874,-1.92544281482697,-0.971849918365479,-1.07022082805634
"238","Nigeria","NG","NGA",2016,-0.931713700294495,-0.31936252117157,-1.87770986557007,-1.0944629907608,-1.02190661430359
"239","Nigeria","NG","NGA",2017,-0.901708126068115,-0.339918911457062,-1.99915504455566,-1.02008616924286,-1.07794201374054
"240","Nigeria","NG","NGA",2018,-0.864204466342926,-0.430503189563751,-2.10182309150696,-1.09748804569244,-1.06471812725067
"241","Nigeria","NG","NGA",2019,-0.925423800945282,-0.434370815753937,-1.92018330097198,-1.18443369865417,-1.07927775382996
"242","Nigeria","NG","NGA",2020,-1.0094393491745,-0.580638468265533,-1.87046504020691,-1.11589670181274,-1.08271861076355
"243","Pakistan","PK","PAK",2010,-0.61335825920105,-0.798651278018951,-2.67593312263489,-0.770817995071411,-1.08961069583893
"244","Pakistan","PK","PAK",2011,-0.647816777229309,-0.829199433326721,-2.81003546714783,-0.829370141029358,-1.08339202404022
"245","Pakistan","PK","PAK",2012,-0.722233474254608,-0.843582153320313,-2.67700362205505,-0.778008282184601,-1.06879222393036
"246","Pakistan","PK","PAK",2013,-0.705004990100861,-0.799480617046356,-2.60330200195313,-0.792022287845612,-0.962642073631287
"247","Pakistan","PK","PAK",2014,-0.688540935516357,-0.716015040874481,-2.40127921104431,-0.757806360721588,-0.838965237140656
"248","Pakistan","PK","PAK",2015,-0.629328846931458,-0.722057998180389,-2.48270797729492,-0.667266607284546,-0.806425869464874
"249","Pakistan","PK","PAK",2016,-0.648122251033783,-0.69939923286438,-2.48317313194275,-0.654021263122559,-0.872386276721954
"250","Pakistan","PK","PAK",2017,-0.596368491649628,-0.693399786949158,-2.40630578994751,-0.597104787826538,-0.777308523654938
"251","Pakistan","PK","PAK",2018,-0.641257345676422,-0.819087028503418,-2.26940131187439,-0.631353139877319,-0.777166604995728
"252","Pakistan","PK","PAK",2019,-0.659801244735718,-0.862769305706024,-2.26518702507019,-0.680663824081421,-0.85709273815155
"253","Pakistan","PK","PAK",2020,-0.732577681541443,-0.877368927001953,-1.78547716140747,-0.540501832962036,-0.832873284816742
"254","Romania","RO","ROU",2010,0.672567009925842,0.432130426168442,0.273600399494171,-0.11697518825531,-0.352394610643387
"255","Romania","RO","ROU",2011,0.687459826469421,0.376137167215347,0.186090663075447,-0.199979275465012,-0.333498507738113
"256","Romania","RO","ROU",2012,0.564533114433289,0.318529605865479,0.0823415592312813,-0.171900972723961,-0.381443470716476
"257","Romania","RO","ROU",2013,0.634414732456207,0.311523497104645,0.179133072495461,0.136252075433731,-0.300762176513672
"258","Romania","RO","ROU",2014,0.600805342197418,0.428146094083786,0.0491361282765865,0.226028010249138,-0.223876476287842
"259","Romania","RO","ROU",2015,0.581416547298431,0.486150950193405,0.189114436507225,0.128101199865341,-0.143834993243217
"260","Romania","RO","ROU",2016,0.575496196746826,0.540918290615082,0.277196615934372,-0.0402308702468872,-0.15244796872139
"261","Romania","RO","ROU",2017,0.445294320583344,0.598597824573517,0.056402251124382,-0.0583919622004032,-0.115164488554001
"262","Romania","RO","ROU",2018,0.417061269283295,0.5243239402771,0.0468847751617432,-0.147446274757385,-0.202447131276131
"263","Romania","RO","ROU",2019,0.459240168333054,0.51631110906601,0.561702191829681,-0.186415791511536,-0.213289558887482
"264","Romania","RO","ROU",2020,0.36042395234108,0.588041067123413,0.531862139701843,-0.257351338863373,-0.074919618666172
"265","Russian Federation","RU","RUS",2010,-0.310507625341415,-0.889000535011292,-0.929458737373352,-0.601510107517242,-1.09921479225159
"266","Russian Federation","RU","RUS",2011,-0.31161817908287,-0.883593857288361,-0.998262107372284,-0.601379692554474,-1.07437682151794
"267","Russian Federation","RU","RUS",2012,-0.346864879131317,-0.97881817817688,-0.817712664604187,-0.533574044704437,-1.05157160758972
"268","Russian Federation","RU","RUS",2013,-0.35747629404068,-1.02217721939087,-0.736093640327454,-0.449865072965622,-1.02038681507111
"269","Russian Federation","RU","RUS",2014,-0.402516543865204,-1.04440438747406,-0.943617463111877,-0.187570467591286,-0.918525218963623
"270","Russian Federation","RU","RUS",2015,-0.559952318668365,-1.08774089813232,-1.02933514118195,-0.294513344764709,-0.952242791652679
"271","Russian Federation","RU","RUS",2016,-0.432721495628357,-1.13166010379791,-0.946210265159607,-0.285805225372314,-0.817593097686768
"272","Russian Federation","RU","RUS",2017,-0.510121762752533,-1.08983087539673,-0.640630483627319,-0.152871698141098,-0.893895387649536
"273","Russian Federation","RU","RUS",2018,-0.548351645469666,-1.07453215122223,-0.541188955307007,-0.0647217184305191,-0.848470866680145
"274","Russian Federation","RU","RUS",2019,-0.46409547328949,-1.11777782440186,-0.557384431362152,0.0652898773550987,-0.802163481712341
"275","Russian Federation","RU","RUS",2020,-0.468022495508194,-1.07231199741364,-0.683706700801849,-0.0776575356721878,-0.909426033496857
"276","Sri Lanka","LK","LKA",2010,-0.248191311955452,-0.505228579044342,-0.94294685125351,-0.19675101339817,-0.419682919979095
"277","Sri Lanka","LK","LKA",2011,-0.131351128220558,-0.545052945613861,-0.724771440029144,-0.103059768676758,-0.399362593889236
"278","Sri Lanka","LK","LKA",2012,-0.125741094350815,-0.575279295444489,-0.717079222202301,-0.196667313575745,-0.241880506277084
"279","Sri Lanka","LK","LKA",2013,-0.166235014796257,-0.594175636768341,-0.612895429134369,-0.158950358629227,-0.22082956135273
"280","Sri Lanka","LK","LKA",2014,-0.108953259885311,-0.667191743850708,-0.330464035272598,0.0742595195770264,-0.345142692327499
"281","Sri Lanka","LK","LKA",2015,-0.0474454984068871,-0.296130180358887,0.0903681144118309,0.0127449156716466,-0.348609656095505
"282","Sri Lanka","LK","LKA",2016,-0.102553024888039,-0.0810505524277687,-0.00402953522279859,0.00942008104175329,-0.30207422375679
"283","Sri Lanka","LK","LKA",2017,-0.145773559808731,-0.0618796199560165,-0.0711655467748642,-0.138596415519714,-0.459627360105515
"284","Sri Lanka","LK","LKA",2018,-0.204640790820122,-0.0154706938192248,-0.145270884037018,-0.228138446807861,-0.329406946897507
"285","Sri Lanka","LK","LKA",2019,-0.217790633440018,-0.0884685143828392,-0.217622801661491,-0.0951133072376251,-0.281438767910004
"286","Sri Lanka","LK","LKA",2020,-0.210725411772728,-0.0503662377595901,-0.0848737210035324,-0.0469268821179867,-0.308005213737488
"287","Sweden","SE","SWE",2010,1.65624058246613,1.54272592067719,1.09417045116425,1.96242189407349,2.21972584724426
"288","Sweden","SE","SWE",2011,1.89224195480347,1.61295545101166,1.23068809509277,1.92498362064362,2.16803646087646
"289","Sweden","SE","SWE",2012,1.90003883838654,1.69035804271698,1.17059719562531,1.91071212291718,2.27712059020996
"290","Sweden","SE","SWE",2013,1.8954666852951,1.65811014175415,1.12777805328369,1.78928470611572,2.23930025100708
"291","Sweden","SE","SWE",2014,1.8051632642746,1.61111927032471,1.06541478633881,1.681720495224,2.11104297637939
"292","Sweden","SE","SWE",2015,1.81017088890076,1.5653303861618,0.947106420993805,1.71137487888336,2.18594098091125
"293","Sweden","SE","SWE",2016,1.85117828845978,1.5646858215332,1.0179408788681,1.69272089004517,2.14740252494812
"294","Sweden","SE","SWE",2017,1.79640650749207,1.56925332546234,0.984416782855988,1.70821261405945,2.14078736305237
"295","Sweden","SE","SWE",2018,1.83144760131836,1.56835758686066,0.940556704998016,1.70424115657806,2.14515686035156
"296","Sweden","SE","SWE",2019,1.80026471614838,1.56092047691345,1.03947269916534,1.70230340957642,2.12822103500366
"297","Sweden","SE","SWE",2020,1.68751895427704,1.50253629684448,1.02638030052185,1.70982444286346,2.12586712837219
"298","Turkiye","TR","TUR",2010,0.312994033098221,-0.0848165079951286,-0.915285527706146,0.314999729394913,0.0254152249544859
"299","Turkiye","TR","TUR",2011,0.393024772405624,-0.136850699782372,-0.959997057914734,0.365651339292526,0.0382425226271153
"300","Turkiye","TR","TUR",2012,0.450981587171555,-0.206933528184891,-1.22053194046021,0.432587444782257,0.161344781517982
"301","Turkiye","TR","TUR",2013,0.463030308485031,-0.251326382160187,-1.24993252754211,0.399101763963699,0.0917898043990135
"302","Turkiye","TR","TUR",2014,0.432501822710037,-0.338407427072525,-1.08603596687317,0.394282221794128,-0.134037971496582
"303","Turkiye","TR","TUR",2015,0.288754999637604,-0.367709815502167,-1.49391400814056,0.228523105382919,-0.135501250624657
"304","Turkiye","TR","TUR",2016,0.203276693820953,-0.607145011425018,-2.00906300544739,0.0302583184093237,-0.17421218752861
"305","Turkiye","TR","TUR",2017,0.0574674755334854,-0.705824315547943,-1.78851389884949,0.0511774159967899,-0.18309485912323
"306","Turkiye","TR","TUR",2018,0.0285708140581846,-0.851066708564758,-1.31889343261719,-0.0267058294266462,-0.327101528644562
"307","Turkiye","TR","TUR",2019,-0.00383999058976769,-0.834260940551758,-1.37172758579254,0.0192449688911438,-0.302947282791138
"308","Turkiye","TR","TUR",2020,-0.0100284768268466,-0.860242068767548,-1.13689529895782,-0.127560287714005,-0.338743031024933
"309","United States","US","USA",2010,1.4438453912735,1.1336270570755,0.438403934240341,1.55206751823425,1.26525807380676
"310","United States","US","USA",2011,1.45509660243988,1.12696576118469,0.591247260570526,1.51358306407928,1.26211905479431
"311","United States","US","USA",2012,1.29439389705658,1.16158699989319,0.632442116737366,1.52101111412048,1.40279400348663
"312","United States","US","USA",2013,1.26038861274719,1.10301864147186,0.643072605133057,1.51683723926544,1.305992603302
"313","United States","US","USA",2014,1.27628946304321,1.07124829292297,0.582419633865356,1.46213662624359,1.37168157100677
"314","United States","US","USA",2015,1.25163650512695,1.1098393201828,0.678062379360199,1.459397315979,1.39411592483521
"315","United States","US","USA",2016,1.4938485622406,1.11025989055634,0.402302891016006,1.47055923938751,1.36813068389893
"316","United States","US","USA",2017,1.62613379955292,1.00899720191956,0.291817456483841,1.5492182970047,1.37693190574646
"317","United States","US","USA",2018,1.61934423446655,0.976354420185089,0.421417832374573,1.56907296180725,1.3244252204895
"318","United States","US","USA",2019,1.34376358985901,0.903775811195374,0.134975299239159,1.48233127593994,1.2119687795639
"319","United States","US","USA",2020,1.24784934520721,0.868967413902283,0.0334379859268665,1.31041991710663,1.06564903259277
